Service Type,Avg_Rating
Facial,4.461538461538462
Spa Package,3.375
Haircut,3.269230769230769
Massage,3.2
Pedicure,2.238095238095238
Manicure,2
